metric,count,mean,std,min,25%,50%,75%,max
daily_quantity_sold,17354.0,7.480696093119742,4.337648253338203,0.0,4.0,6.0,10.0,28.0
daily_revenue,17354.0,299.6703175060504,254.69696264061037,0.0,114.7125,223.7,408.695,2186.3
stock_ratio,36500.0,56.99537836670125,47.17584214685661,1.0357142857142858,13.75,47.0,90.0,204.0
stock_on_hand,36500.0,91.96643835616439,36.89637218282955,21.0,63.0,87.0,118.0,204.0
